State,City,FAA,IATA,ICAO,Airport,Role,Enplanements
Georgia,Atlanta,ATL,ATL,KATL,Hartsfield–Jackson Atlanta International Airport,P-L,"50,501,858"
Califronia,Los Angeles,LAX,LAX,KLAX,Los Angeles International Airport,P-L,"39,636,042"
Illinois,Chicago,ORD,ORD,KORD,Chicago O'Hare International Airport,P-L,"37,589,899"
Texas,Dallas,DFW,DFW,KDFW,Dallas/Fort Worth International Airport,P-L,"31,283,579"
New York,New York,JFK,JFK,KJFK,John F. Kennedy International Airport (was New York International Airport),P-L,"29,533,154"
Colorado,Denver,DEN,DEN,KDEN,Denver International Airport,P-L,"28,267,394"
Califronia,San Francisco,SFO,SFO,KSFO,San Francisco International Airport,P-L,"25,707,101"
Florida,Orlando,MCO,MCO,KMCO,Orlando International Airport,P-L,"24,562,271"
Nevada,Las Vegas,LAS,LAS,KLAS,McCarran International Airport,P-L,"22,833,267"
Washington,Seattle / Tacoma (SeaTac),SEA,SEA,KSEA,Seattle–Tacoma International Airport,P-L,"21,887,110"
North Carolina,Charlotte,CLT,CLT,KCLT,Charlotte/Douglas International Airport,P-L,"21,511,880"
Florida,Miami,MIA,MIA,KMIA,Miami International Airport,P-L,"21,421,031"
Arizona,Phoenix,PHX,PHX,KPHX,Phoenix Sky Harbor International Airport,P-L,"20,896,265"
Texas,Houston,IAH,IAH,KIAH,George Bush Intercontinental Airport,P-L,"20,062,072"
New Jersey,New York / Newark,EWR,EWR,KEWR,Newark Liberty International Airport,P-L,"19,923,009"
Minnesota,Minneapolis,MSP,MSP,KMSP,Minneapolis–St. Paul International Airport (Wold–Chamberlain Field),P-L,"18,123,844"
Florida,Fort Lauderdale,FLL,FLL,KFLL,Fort Lauderdale–Hollywood International Airport,P-L,"17,950,989"
Massachusetts,Boston,BOS,BOS,KBOS,Gen. Edward Lawrence Logan International Airport,P-L,"17,759,044"
Michigan,Detroit,DTW,DTW,KDTW,Detroit Metropolitan Airport,P-L,"16,847,135"
Pennsylvania,Philadelphia,PHL,PHL,KPHL,Philadelphia International Airport,P-L,"15,285,948"
New York,New York,LGA,LGA,KLGA,LaGuardia Airport (and Marine Air Terminal),P-L,"14,614,802"
Maine,Baltimore,BWI,BWI,KBWI,Baltimore/Washington International Airport,P-L,"13,371,816"
Virginia,"Washington, D.C. / Arlington County",DCA,DCA,KDCA,Ronald Reagan Washington National Airport,P-L,"11,470,854"
Utah,Salt Lake City,SLC,SLC,KSLC,Salt Lake City International Airport,P-L,"11,143,738"
Illinois,Chicago,MDW,MDW,KMDW,Chicago Midway International Airport,P-L,"11,044,387"
Florida,Tampa,TPA,TPA,KTPA,Tampa International Airport,P-L,"10,941,173"
Virginia,"Washington, D.C. / Dulles / Chantilly",IAD,IAD,KIAD,Washington Dulles International Airport,P-L,"10,596,942"
Califronia,San Diego,SAN,SAN,KSAN,San Diego International Airport (Lindbergh Field),P-L,"10,340,164"
Hawaii,"Honolulu, Oahu",HNL,HNL,PHNL,Daniel K. Inouye International Airport,P-L,"9,656,340"
Oregon,Portland,PDX,PDX,KPDX,Portland International Airport,P-L,"9,071,154"
Texas,Dallas,DAL,DAL,KDAL,Dallas Love Field,P-M,"7,554,596"
Missouri,St. Louis,STL,STL,KSTL,St. Louis Lambert International Airport,P-M,"6,793,076"
Tennessee,Nashville,BNA,BNA,KBNA,Nashville International Airport (Berry Field),P-M,"6,338,517"
Texas,Houston,HOU,HOU,KHOU,William P. Hobby Airport,P-M,"6,285,181"
Texas,Austin,AUS,AUS,KAUS,Austin–Bergstrom International Airport,P-M,"6,095,545"
Califronia,Oakland,OAK,OAK,KOAK,Oakland International Airport,P-M,"5,934,639"
Louisiana,New Orleans,MSY,MSY,KMSY,Louis Armstrong New Orleans International Airport,P-M,"5,569,705"
North Carolina,Raleigh,RDU,RDU,KRDU,Raleigh–Durham International Airport,P-M,"5,401,714"
Missouri,Kansas City,MCI,MCI,KMCI,Kansas City International Airport (originally Mid-Continent International Airport),P-M,"5,391,557"
Califronia,San Jose,SJC,SJC,KSJC,Norman Y. Mineta San José International Airport,P-M,"5,321,603"
Califronia,Orange County,SNA,SNA,KSNA,John Wayne Airport (was Orange County Airport),P-M,"5,217,242"
Florida,Fort Myers,RSW,RSW,KRSW,Southwest Florida International Airport,P-M,"5,044,024"
Califronia,Sacramento,SMF,SMF,KSMF,Sacramento International Airport,P-M,"4,969,366"
Pennsylvania,Pittsburgh,PIT,PIT,KPIT,Pittsburgh International Airport,P-M,"4,670,954"
Puerto Rico,San Juan / Carolina,SJU,SJU,TJSJ,Luis Muñoz Marín International Airport,P-M,"4,343,354"
Califronia,Ontario,ONT,ONT,KONT,Ontario International Airport,P-M,"4,217,366"
Indiana,Indianapolis,IND,IND,KIND,Indianapolis International Airport,P-M,"4,216,766"
Texas,San Antonio,SAT,SAT,KSAT,San Antonio International Airport,P-M,"4,179,994"
Ohio,Cleveland,CLE,CLE,KCLE,Cleveland Hopkins International Airport,P-M,"4,083,476"
Ohio,Columbus,CMH,CMH,KCMH,John Glenn Columbus International Airport,P-M,"3,567,864"
Wisconsin,Milwaukee,MKE,MKE,KMKE,Milwaukee Mitchell International Airport,P-M,"3,496,724"
Florida,Jacksonville,JAX,JAX,KJAX,Jacksonville International Airport,P-M,"3,479,923"
Hawaii,"Kahului, Maui",OGG,OGG,PHOG,Kahului Airport,P-M,"3,352,813"
Kentucky,Cincinnati/Covington,CVG,CVG,KCVG,Cincinnati/Northern Kentucky International Airport,P-M,"3,269,979"
Florida,West Palm Beach,PBI,PBI,KPBI,Palm Beach International Airport,P-M,"3,100,624"
Connecticut,Hartford,BDL,BDL,KBDL,Bradley International Airport,P-M,"2,982,194"
Alaska,Anchorage,ANC,ANC,PANC,Ted Stevens Anchorage International Airport,P-M,"2,563,524"
New York,Buffalo,BUF,BUF,KBUF,Buffalo Niagara International Airport,P-M,"2,348,512"
New Mexico,Albuquerque,ABQ,ABQ,KABQ,Albuquerque International Sunport,P-M,"2,341,719"
Nebraska,Omaha,OMA,OMA,KOMA,Eppley Airfield,P-M,"2,127,387"
Califronia,Burbank,BUR,BUR,KBUR,Hollywood Burbank Airport (was Bob Hope Airport),P-M,"2,077,892"
Tennessee,Memphis,MEM,MEM,KMEM,Memphis International Airport,P-S,"2,016,089"
South Carolina,Charleston,CHS,CHS,KCHS,Charleston International Airport / Charleston AFB,P-S,"1,811,695"
Rhode Island,Providence,PVD,PVD,KPVD,Theodore Francis Green State Airport,P-S,"1,803,000"
Oklahoma,Oklahoma City,OKC,OKC,KOKC,Will Rogers World Airport,P-S,"1,796,473"
Virginia,Richmond,RIC,RIC,KRIC,Richmond International Airport (Byrd Field),P-S,"1,777,648"
Nevada,Reno,RNO,RNO,KRNO,Reno/Tahoe International Airport,P-S,"1,771,864"
Idaho,Boise,BOI,BOI,KBOI,Boise Airport (Boise Air Terminal) (Gowen Field),P-S,"1,633,507"
Kentucky,Louisville,SDF,SDF,KSDF,Louisville International Airport (Standiford Field),P-S,"1,631,494"
Virginia,Norfolk,ORF,ORF,KORF,Norfolk International Airport,P-S,"1,602,631"
Florida,Sanford,SFB,SFB,KSFB,Orlando Sanford International Airport,P-S,"1,601,614"
Arizona,Tucson,TUS,TUS,KTUS,Tucson International Airport,P-S,"1,594,594"
Washington,Spokane,GEG,GEG,KGEG,Spokane International Airport (Geiger Field),P-S,"1,570,652"
Hawaii,"Kailua-Kona, Hawaii",KOA,KOA,PHKO,Ellison Onizuka Kona International Airport at Keahole,P-S,"1,569,602"
Hawaii,"Lihue, Kauai",LIH,LIH,PHLI,Lihue Airport,P-S,"1,458,940"
Guam,Agana / Tamuning,GUM,GUM,PGUM,Antonio B. Won Pat International Airport,P-S,"1,444,299"
Texas,El Paso,ELP,ELP,KELP,El Paso International Airport,P-S,"1,414,376"
New York,Albany,ALB,ALB,KALB,Albany International Airport,P-S,"1,393,666"
Califronia,Long Beach,LGB,LGB,KLGB,Long Beach Airport (Daugherty Field),P-S,"1,386,357"
Oklahoma,Tulsa,TUL,TUL,KTUL,Tulsa International Airport,P-S,"1,342,315"
Michigan,Grand Rapids,GRR,GRR,KGRR,Gerald R. Ford International Airport,P-S,"1,334,979"
Alabama,Birmingham,BHM,BHM,KBHM,Birmingham–Shuttlesworth International Airport,P-S,"1,304,467"
Iowa,Des Moines,DSM,DSM,KDSM,Des Moines International Airport,P-S,"1,216,357"
New York,Rochester,ROC,ROC,KROC,Greater Rochester International Airport,P-S,"1,205,774"
Florida,St. Petersburg,PIE,PIE,KPIE,St. Pete–Clearwater International Airport,P-S,"1,143,483"
Florida,Pensacola,PNS,PNS,KPNS,Pensacola International Airport,P-S,"1,098,889"
Georgia,Savannah,SAV,SAV,KSAV,Savannah/Hilton Head International Airport,P-S,"1,056,265"
Wisconsin,Madison,MSN,MSN,KMSN,Dane County Regional Airport (Truax Field),P-S,"1,043,185"
Ohio,Dayton,DAY,DAY,KDAY,James M. Cox Dayton International Airport,P-S,"1,019,922"
New York,Syracuse,SYR,SYR,KSYR,Syracuse Hancock International Airport,P-S,"1,013,149"
Califronia,Palm Springs,PSP,PSP,KPSP,Palm Springs International Airport,P-S,"995,801"
New Hampshire,Manchester,MHT,MHT,KMHT,Manchester–Boston Regional Airport,P-S,"995,403"
South Carolina,Greenville,GSP,GSP,KGSP,Greenville–Spartanburg International Airport (Roger Milliken Field),P-S,"991,276"
Florida,Sarasota,SRQ,SRQ,KSRQ,Sarasota–Bradenton International Airport,P-S,"977,530"
Arkansas,Little Rock,LIT,LIT,KLIT,Clinton National Airport (Adams Field) (was Little Rock National),P-S,"958,824"
South Carolina,Myrtle Beach,MYR,MYR,KMYR,Myrtle Beach International Airport,P-S,"944,849"
Tennessee,Knoxville,TYS,TYS,KTYS,McGhee Tyson Airport,P-S,"887,103"
Maine,Portland,PWM,PWM,KPWM,Portland International Jetport,P-S,"886,343"
North Carolina,Greensboro,GSO,GSO,KGSO,Piedmont Triad International Airport,P-S,"848,261"
Florida,Punta Gorda,PGD,PGD,KPGD,Punta Gorda Airport,P-S,"821,557"
Florida,Fort Walton Beach,VPS,VPS,KVPS,Destin–Fort Walton Beach Airport / Eglin Air Force Base,P-S,"813,600"
Kansas,Wichita,ICT,ICT,KICT,Wichita Dwight D. Eisenhower National Airport (formerly Wichita Mid-Continent Airport),P-S,"781,944"
Califronia,Fresno,FAT,FAT,KFAT,Fresno Yosemite International Airport,P-S,"761,298"
New York,White Plains,HPN,HPN,KHPN,Westchester County Airport,P-S,"759,334"
U.S. Virgin Islands,"Charlotte Amalie, St. Thomas",STT,STT,TIST,Cyril E. King Airport,P-N,"729,382"
Arizona,Mesa,IWA,AZA,KIWA,Phoenix–Mesa Gateway Airport (formerly Williams AFB),P-S,"705,731"
Ohio,Akron,CAK,CAK,KCAK,Akron–Canton Airport,P-N,"685,553"
Arkansas,Fayetteville,XNA,XNA,KXNA,Northwest Arkansas National Airport,P-S,"673,810"
Colorado,Colorado Springs,COS,COS,KCOS,City of Colorado Springs Municipal Airport,P-S,"657,694"
New York,Islip,ISP,ISP,KISP,Long Island MacArthur Airport,P-S,"648,593"
Hawaii,"Hilo, Hawaii",ITO,ITO,PHTO,Hilo International Airport,P-S,"640,757"
Kentucky,Lexington,LEX,LEX,KLEX,Blue Grass Airport,P-S,"638,316"
Pennsylvania,Harrisburg,MDT,MDT,KMDT,Harrisburg International Airport,P-S,"636,916"
Florida,Panama City Beach,ECP,ECP,KECP,Northwest Florida Beaches International Airport[nb 2],P-S,"621,406"
Vermont,Burlington,BTV,BTV,KBTV,Burlington International Airport,P-S,"593,311"
New Jersey,Atlantic City,ACY,ACY,KACY,Atlantic City International Airport,P-S,"589,091"
South Carolina,Columbia,CAE,CAE,KCAE,Columbia Metropolitan Airport,P-S,"553,658"
Montana,Bozeman,BZN,BZN,KBZN,Bozeman Yellowstone International Airport (was Gallatin Field Airport),P-S,"553,245"
Iowa,Cedar Rapids,CID,CID,KCID,The Eastern Iowa Airport,P-S,"547,786"
Alaska,Fairbanks,FAI,FAI,PAFA,Fairbanks International Airport,P-S,"538,881"
Alabama,Huntsville,HSV,HSV,KHSV,Huntsville International Airport (Carl T. Jones Field),P-S,"527,801"
South Dakota,Sioux Falls,FSD,FSD,KFSD,Sioux Falls Regional Airport (Joe Foss Field),P-S,"510,105"
Florida,Key West,EYW,EYW,KEYW,Key West International Airport,P-N,"497,656"
Mississippi,Jackson,JAN,JAN,KJAN,Jackson–Medgar Wiley Evers International Airport,P-S,"491,464"
Oregon,Eugene,EUG,EUG,KEUG,Eugene Airport (Mahlon Sweet Field),P-S,"483,224"
Texas,Midland,MAF,MAF,KMAF,Midland International Air and Space Port,P-S,"471,490"
Missouri,Springfield,SGF,SGF,KSGF,Springfield–Branson National Airport,P-S,"462,126"
Texas,Lubbock,LBB,LBB,KLBB,Lubbock Preston Smith International Airport,P-S,"448,093"
Northern Marianas,"Obyan, Saipan Island",GSN,SPN,PGSN,Saipan International Airport (Francisco C. Ada),P-S,"430,275"
Montana,Billings,BIL,BIL,KBIL,Billings Logan International Airport,P-N,"423,213"
Tennessee,Chattanooga,CHA,CHA,KCHA,Chattanooga Metropolitan Airport (Lovell Field),P-S,"422,442"
Alaska,Juneau,JNU,JNU,PAJN,Juneau International Airport,P-N,"420,442"
North Carolina,Asheville,AVL,AVL,KAVL,Asheville Regional Airport,P-S,"416,939"
Washington,Bellingham,BLI,BLI,KBLI,Bellingham International Airport,P-N,"415,285"
Florida,Tallahassee,TLH,TLH,KTLH,Tallahassee International Airport,P-N,"415,272"
North Carolina,Wilmington,ILM,ILM,KILM,Wilmington International Airport,P-S,"413,185"
North Dakota,Fargo,FAR,FAR,KFAR,Hector International Airport,P-N,"402,976"
Oregon,Medford,MFR,MFR,KMFR,Rogue Valley International–Medford Airport,P-S,"401,469"
Michigan,Flint,FNT,FNT,KFNT,Bishop International Airport,P-N,"398,508"
Montana,Missoula,MSO,MSO,KMSO,Missoula International Airport,P-N,"381,582"
Wyoming,Jackson,JAC,JAC,KJAC,Jackson Hole Airport,P-N,"381,539"
Pennsylvania,Allentown,ABE,ABE,KABE,Lehigh Valley International Airport (was Allentown–Bethlehem–Easton International Airport),P-N,"376,769"
Washington,Pasco,PSC,PSC,KPSC,Tri-Cities Airport,P-N,"374,301"
Illinois,Moline,MLI,MLI,KMLI,Quad City International Airport,P-N,"364,393"
Louisiana,Baton Rouge,BTR,BTR,KBTR,Baton Rouge Metropolitan Airport (Ryan Field),P-N,"364,200"
Indiana,Fort Wayne,FWA,FWA,KFWA,Fort Wayne International Airport,P-N,"360,369"
Texas,McAllen,MFE,MFE,KMFE,McAllen Miller International Airport,P-N,"355,224"
Wisconsin,Appleton,ATW,ATW,KATW,Appleton International Airport,P-N,"348,026"
Florida,Daytona Beach,DAB,DAB,KDAB,Daytona Beach International Airport,P-N,"340,815"
Texas,Amarillo,AMA,AMA,KAMA,Rick Husband Amarillo International Airport,P-N,"334,815"
Indiana,South Bend,SBN,SBN,KSBN,South Bend International Airport (was South Bend Regional),P-N,"329,957"
Califronia,Santa Barbara,SBA,SBA,KSBA,Santa Barbara Municipal Airport (Santa Barbara Airport),P-N,"329,751"
Texas,Corpus Christi,CRP,CRP,KCRP,Corpus Christi International Airport,P-N,"325,815"
Arizona,Grand Canyon,GCN,GCN,KGCN,Grand Canyon National Park Airport,P-N,"319,206"
Wisconsin,Green Bay,GRB,GRB,KGRB,Green Bay–Austin Straubel International Airport,P-N,"314,909"
Illinois,Peoria,PIA,PIA,KPIA,General Wayne A. Downing Peoria International Airport,P-N,"307,189"
Oregon,Redmond,RDM,RDM,KRDM,Redmond Municipal Airport (Roberts Field),P-N,"306,517"
Virginia,Roanoke,ROA,ROA,KROA,Roanoke–Blacksburg Regional Airport (Woodrum Field),P-N,"305,212"
Mississippi,Gulfport / Biloxi,GPT,GPT,KGPT,Gulfport–Biloxi International Airport,P-N,"305,157"
Virginia,Charlottesville,CHO,CHO,KCHO,Charlottesville–Albemarle Airport,P-N,"295,930"
Alabama,Mobile,MOB,MOB,KMOB,Mobile Regional Airport,P-N,"288,209"
New Jersey,Trenton,TTN,TTN,KTTN,Trenton Mercer Airport,P-N,"278,436"
North Dakota,Bismarck,BIS,BIS,KBIS,Bismarck Municipal Airport,P-N,"273,980"
Florida,Gainesville,GNV,GNV,KGNV,Gainesville Regional Airport,P-N,"273,253"
South Dakota,Rapid City,RAP,RAP,KRAP,Rapid City Regional Airport,P-N,"272,537"
Georgia,Augusta,AGS,AGS,KAGS,Augusta Regional Airport (Bush Field),P-N,"270,797"
Louisiana,Shreveport,SHV,SHV,KSHV,Shreveport Regional Airport,P-N,"270,395"
Maine,Bangor,BGR,BGR,KBGR,Bangor International Airport,P-N,"269,013"
Texas,Harlingen,HRL,HRL,KHRL,Valley International Airport,P-N,"263,760"
Pennsylvania,Wilkes-Barre,AVP,AVP,KAVP,Wilkes-Barre/Scranton International Airport,P-N,"258,830"
Puerto Rico,Aguadilla,BQN,BQN,TJBQ,Rafael Hernández International Airport,P-N,"257,871"
Colorado,Aspen,ASE,ASE,KASE,Aspen/Pitkin County Airport (Sardy Field),P-N,"254,392"
Montana,Kalispell,GPI,FCA,KGPI,Glacier Park International Airport,P-N,"247,816"
Florida,Melbourne,MLB,MLB,KMLB,Orlando Melbourne International Airport,P-N,"241,289"
New York,Newburgh,SWF,SWF,KSWF,Stewart International Airport,P-N,"228,640"
North Carolina,Fayetteville,FAY,FAY,KFAY,Fayetteville Regional Airport (Grannis Field),P-N,"224,541"
Michigan,Traverse City,TVC,TVC,KTVC,Cherry Capital Airport (was Cherry County Airpark),P-N,"223,924"
Colorado,Grand Junction,GJT,GJT,KGJT,Grand Junction Regional Airport (Walker Field),P-N,"218,319"
West Virginia,Charleston,CRW,CRW,KCRW,Yeager Airport,P-N,"213,412"
Nevada,Boulder City,BVU,BLD,KBVU,Boulder City Municipal Airport,P-N,"211,615"
Louisiana,Lafayette,LFT,LFT,KLFT,Lafayette Regional Airport,P-N,"206,667"
Tennessee,Tri-Cities,TRI,TRI,KTRI,Tri-Cities Regional Airport (Tri-Cities Regional TN/VA),P-N,"204,926"
Indiana,Evansville,EVV,EVV,KEVV,Evansville Regional Airport,P-N,"204,352"
Virginia,Newport News,PHF,PHF,KPHF,Newport News/Williamsburg International Airport (Patrick Henry Field),P-N,"199,421"
U.S. Virgin Islands,"Christiansted, St. Croix",STX,STX,TISX,Henry E. Rohlsen Airport,P-N,"196,047"
Califronia,Monterey,MRY,MRY,KMRY,Monterey Regional Airport (was Monterey Peninsula Airport),P-N,"192,136"
Illinois,Bloomington,BMI,BMI,KBMI,Central Illinois Regional Airport at Bloomington-Normal,P-N,"188,490"
Colorado,Durango,DRO,DRO,KDRO,Durango–La Plata County Airport,P-N,"187,789"
Montana,Great Falls,GTF,GTF,KGTF,Great Falls International Airport,P-N,"176,730"
Alabama,Montgomery,MGM,MGM,KMGM,Montgomery Regional Airport (Dannelly Field),P-N,"173,210"
Califronia,Santa Rosa,STS,STS,KSTS,Charles M. Schulz–Sonoma County Airport,P-N,"167,151"
Colorado,Eagle/Vail,EGE,EGE,KEGE,Eagle County Regional Airport,P-N,"163,840"
Nebraska,Lincoln,LNK,LNK,KLNK,Lincoln Airport (was Lincoln Municipal),P-N,"162,876"
Califronia,San Luis Obispo,SBP,SBP,KSBP,San Luis Obispo County Regional Airport (McChesney Field),P-N,"162,719"
Michigan,Lansing,LAN,LAN,KLAN,Capital Region International Airport (was Lansing Capital City),P-N,"161,863"
Texas,Killeen,GRK,GRK,KGRK,Killeen–Fort Hood Regional Airport / Robert Gray Army Airfield,P-N,"157,161"
Alaska,Bethel,BET,BET,PABE,Bethel Airport (also see Bethel Seaplane Base),P-N,"155,791"
Michigan,Kalamazoo,AZO,AZO,KAZO,Kalamazoo/Battle Creek International Airport,P-N,"154,242"
Pennsylvania,State College,UNV,SCE,KUNV,University Park Airport,P-N,"153,737"
Pennsylvania,Latrobe,LBE,LBE,KLBE,Arnold Palmer Regional Airport,P-N,"151,704"
North Dakota,Minot,MOT,MOT,KMOT,Minot International Airport,P-N,"150,634"
North Carolina,Jacksonville,OAJ,OAJ,KOAJ,Albert J. Ellis Airport,P-N,"149,987"
Idaho,Idaho Falls,IDA,IDA,KIDA,Idaho Falls Regional Airport (Fanning Field),P-N,"146,213"
New York,Niagara Falls,IAG,IAG,KIAG,Niagara Falls International Airport,P-N,"142,605"
New York,Plattsburgh,PBG,PBG,KPBG,Plattsburgh International Airport,P-N,"139,398"
North Dakota,Grand Forks,GFK,GFK,KGFK,Grand Forks International Airport,P-N,"132,557"
Louisiana,Alexandria,AEX,AEX,KAEX,Alexandria International Airport,P-N,"129,776"
Alaska,Ketchikan,KTN,KTN,PAKT,Ketchikan International Airport,P-N,"127,881"
New York,Elmira,ELM,ELM,KELM,Elmira/Corning Regional Airport,P-N,"126,472"
Massachusetts,Nantucket,ACK,ACK,KACK,Nantucket Memorial Airport,P-N,"126,197"
Wisconsin,Mosinee,CWA,CWA,KCWA,Central Wisconsin Airport,P-N,"124,632"
Minnesota,Duluth,DLH,DLH,KDLH,Duluth International Airport,P-N,"124,284"
Michigan,Saginaw,MBS,MBS,KMBS,MBS International Airport,P-N,"122,469"
Texas,Brownsville,BRO,BRO,KBRO,Brownsville/South Padre Island International Airport,P-N,"120,151"
Colorado,Montrose,MTJ,MTJ,KMTJ,Montrose Regional Airport,P-N,"116,272"
Minnesota,Rochester,RST,RST,KRST,Rochester International Airport,P-N,"112,864"
Arizona,Bullhead City,IFP,IFP,KIFP,Laughlin/Bullhead International Airport,P-N,"109,334"
North Carolina,New Bern,EWN,EWN,KEWN,Coastal Carolina Regional Airport (was Craven County Regional),P-N,"106,110"
Puerto Rico,Ponce,PSE,PSE,TJPS,Mercedita International Airport,P-N,"105,804"
Montana,Helena,HLN,HLN,KHLN,Helena Regional Airport,P-N,"103,239"
Ohio,Columbus,LCK,LCK,KLCK,Rickenbacker International Airport,P-N,"102,751"
Louisiana,Monroe,MLU,MLU,KMLU,Monroe Regional Airport,P-N,"102,342"
Illinois,Rockford,RFD,RFD,KRFD,Chicago Rockford International Airport (was Northwest Chicagoland Regional Airport at Rockford),P-N,"101,790"
Texas,Laredo,LRD,LRD,KLRD,Laredo International Airport,P-N,"101,115"
Califronia,Bakersfield,BFL,BFL,KBFL,Meadows Field,P-N,"100,433"
Wisconsin,La Crosse,LSE,LSE,KLSE,La Crosse Regional Airport,P-N,"99,651"
West Virginia,Huntington,HTS,HTS,KHTS,Tri-State Airport (Milton J. Ferguson Field),P-N,"98,489"
New York,Ithaca,ITH,ITH,KITH,Ithaca Tompkins International Airport,P-N,"97,212"
Pennsylvania,Erie,ERI,ERI,KERI,Erie International Airport (Tom Ridge Field),P-N,"95,924"
Illinois,Springfield,SPI,SPI,KSPI,Abraham Lincoln Capital Airport,P-N,"93,269"
Califronia,Stockton,SCK,SCK,KSCK,Stockton Metropolitan Airport,P-N,"93,076"
Hawaii,"Kaunakakai, Molokai",MKK,MKK,PHMK,Molokai Airport,P-N,"92,560"
Ohio,Toledo,TOL,TOL,KTOL,Toledo Express Airport,P-N,"92,522"
Alaska,Kenai,ENA,ENA,PAEN,Kenai Municipal Airport,P-N,"92,485"
North Carolina,Concord,JQF,USA,KJQF,Concord Regional Airport,P-N,"90,338"
Illinois,Champaign (Savoy),CMI,CMI,KCMI,University of Illinois - Willard Airport,P-N,"89,318"
Wyoming,Casper,CPR,CPR,KCPR,Casper–Natrona County International Airport,P-N,"86,905"
Texas,Abilene,ABI,ABI,KABI,Abilene Regional Airport,P-N,"84,809"
Arkansas,Fort Smith,FSM,FSM,KFSM,Fort Smith Regional Airport,P-N,"83,920"
Alaska,Sitka,SIT,SIT,PASI,Sitka Rocky Gutierrez Airport,P-N,"83,404"
Illinois,Belleville,BLV,BLV,KBLV,MidAmerica St. Louis Airport / Scott Air Force Base,P-N,"79,988"
Alaska,Kodiak,ADQ,ADQ,PADQ,Kodiak Airport,P-N,"79,682"
Texas,College Station,CLL,CLL,KCLL,Easterwood Airport (Easterwood Field),P-N,"78,907"
Utah,St. George,SGU,SGU,KSGU,St. George Regional Airport (opened 2011),P-N,"78,680"
Utah,Provo,PVU,PVU,KPVU,Provo Municipal Airport,P-N,"78,451"
Idaho,Sun Valley,SUN,SUN,KSUN,Friedman Memorial Airport,P-N,"77,729"
Virginia,Lynchburg,LYH,LYH,KLYH,Lynchburg Regional Airport (Preston Glenn Field),P-N,"75,465"
Arizona,Yuma,NYL,YUM,KNYL,Yuma International Airport / MCAS Yuma,P-N,"74,742"
New Hampshire,Portsmouth,PSM,PSM,KPSM,Portsmouth International Airport at Pease,P-N,"73,247"
Idaho,Lewiston,LWS,LWS,KLWS,Lewiston–Nez Perce County Airport,P-N,"72,724"
New Mexico,Santa Fe,SAF,SAF,KSAF,Santa Fe Regional Airport,P-N,"71,252"
Washington,Yakima,YKM,YKM,KYKM,Yakima Air Terminal (McAllister Field),P-N,"70,993"
Califronia,Arcata/Eureka,ACV,ACV,KACV,Arcata Airport,P-N,"69,732"
Nebraska,Grand Island,GRI,GRI,KGRI,Central Nebraska Regional Airport,P-N,"68,879"
North Dakota,Williston,XWA,XWA,KXWA,Williston Basin International Airport,P-N,"68,829"
American Samoa,"Pago Pago, Tutuila",PPG,PPG,NSTU,Pago Pago International Airport,P-N,"65,439"
Missouri,Columbia,COU,COU,KCOU,Columbia Regional Airport,P-N,"65,014"
Arizona,Flagstaff,FLG,FLG,KFLG,Flagstaff Pulliam Airport,P-N,"64,578"
Alaska,Kotzebue,OTZ,OTZ,PAOT,Ralph Wien Memorial Airport,P-N,"64,481"
Maine,Salisbury,SBY,SBY,KSBY,Salisbury–Ocean City–Wicomico Regional Airport,P-N,"64,393"
Texas,Waco,ACT,ACT,KACT,Waco Regional Airport,P-N,"64,356"
Kansas,Manhattan,MHK,MHK,KMHK,Manhattan Regional Airport,P-N,"63,761"
Puerto Rico,Vieques,VQS,VQS,TJVQ,Antonio Rivera Rodríguez Airport,P-N,"63,104"
Washington,"Pullman / Moscow, Idaho",PUW,PUW,KPUW,Pullman/Moscow Regional Airport,P-N,"61,833"
Alaska,Nome,OME,OME,PAOM,Nome Airport,P-N,"60,655"
Texas,San Angelo,SJT,SJT,KSJT,San Angelo Regional Airport (Mathis Field),P-N,"60,277"
Washington,Wenatchee,EAT,EAT,KEAT,Pangborn Memorial Airport,P-N,"60,068"
Massachusetts,Worcester,ORH,ORH,KORH,Worcester Regional Airport,P-N,"57,800"
Massachusetts,Vineyard Haven,MVY,MVY,KMVY,Martha's Vineyard Airport,P-N,"54,084"
Louisiana,Lake Charles,LCH,LCH,KLCH,Lake Charles Regional Airport,P-N,"53,576"
Texas,Tyler,TYR,TYR,KTYR,Tyler Pounds Regional Airport,P-N,"52,494"
Alaska,Deadhorse,SCC,SCC,PASC,Deadhorse Airport (Prudhoe Bay Airport),P-N,"51,205"
Oklahoma,Lawton,LAW,LAW,KLAW,Lawton–Fort Sill Regional Airport,P-N,"51,088"
Alabama,Dothan,DHN,DHN,KDHN,Dothan Regional Airport,P-N,"49,411"
North Carolina,Greenville,PGV,PGV,KPGV,Pitt–Greenville Airport,P-N,"47,457"
Washington,Walla Walla,ALW,ALW,KALW,Walla Walla Regional Airport,P-N,"47,439"
Michigan,Marquette,SAW,MQT,KSAW,Sawyer International Airport,P-N,"45,462"
Alaska,Utqiagvik,BRW,BRW,PABR,Wiley Post–Will Rogers Memorial Airport,P-N,"45,300"
South Carolina,Florence,FLO,FLO,KFLO,Florence Regional Airport,P-N,"45,300"
Georgia,Columbus,CSG,CSG,KCSG,Columbus Metropolitan Airport,P-N,"44,813"
New Mexico,Roswell,ROW,ROW,KROW,Roswell International Air Center,P-N,"44,378"
Alaska,Homer,HOM,HOM,PAHO,Homer Airport,P-N,"44,117"
Califronia,Redding,RDD,RDD,KRDD,Redding Municipal Airport,P-N,"43,414"
Hawaii,"Lanai City, Lanai",LNY,LNY,PHNY,Lanai Airport,P-N,"43,275"
Puerto Rico,Ceiba,RVR,NRR,TJRV,José Aponte de la Torre Airport,P-N,"43,005"
Mississippi,Columbus,GTR,GTR,KGTR,Golden Triangle Regional Airport,P-N,"40,823"
Georgia,Valdosta,VLD,VLD,KVLD,Valdosta Regional Airport,P-N,"40,275"
Texas,Wichita Falls,SPS,SPS,KSPS,Wichita Falls Regional Airport / Sheppard Air Force Base,P-N,"40,165"
Califronia,Santa Maria,SMX,SMX,KSMX,Santa Maria Public Airport (Capt G. Allan Hancock Field),P-N,"40,120"
Wyoming,Cody,COD,COD,KCOD,Yellowstone Regional Airport,P-N,"39,407"
Idaho,Twin Falls,TWF,TWF,KTWF,Magic Valley Regional Airport (Joslin Field),P-N,"38,869"
Northern Marianas,Tinian Island,TNI,TIQ,PGWT,Tinian International Airport (West Tinian),P-N,"38,452"
Iowa,Dubuque,DBQ,DBQ,KDBQ,Dubuque Regional Airport,P-N,"37,954"
Alaska,King Salmon,AKN,AKN,PAKN,King Salmon Airport,P-N,"36,717"
Iowa,Sioux City,SUX,SUX,KSUX,Sioux Gateway Airport (Col. Bud Day Field),P-N,"36,413"
Georgia,Brunswick,BQK,BQK,KBQK,Brunswick Golden Isles Airport,P-N,"36,054"
Colorado,Hayden,HDN,HDN,KHDN,Yampa Valley Airport (Yampa Valley Regional),P-N,"34,979"
Idaho,Pocatello,PIH,PIH,KPIH,Pocatello Regional Airport,P-N,"34,462"
Georgia,Albany,ABY,ABY,KABY,Southwest Georgia Regional Airport,P-N,"34,226"
Alaska,Dillingham,DLG,DLG,PADL,Dillingham Airport,P-N,"33,616"
Arkansas,Texarkana,TXK,TXK,KTXK,Texarkana Regional Airport (Webb Field),P-N,"33,565"
New York,Binghamton,BGM,BGM,KBGM,Greater Binghamton Airport (Edwin A. Link Field),P-N,"33,425"
Puerto Rico,Culebra,CPX,CPX,TJCP,Benjamín Rivera Noriega Airport,P-N,"31,141"
Alaska,Unalaska,DUT,DUT,PADU,Unalaska Airport (Tom Madsen Airport),P-N,"31,055"
Massachusetts,Hyannis,HYA,HYA,KHYA,Barnstable Municipal Airport (Boardman/Polando Field),P-N,"31,027"
South Carolina,Hilton Head,HXD,HHH,KHXD,Hilton Head Airport,P-N,"30,956"
Colorado,Gunnison,GUC,GUC,KGUC,Gunnison–Crested Butte Regional Airport,P-N,"30,780"
Missouri,Joplin,JLN,JLN,KJLN,Joplin Regional Airport,P-N,"27,930"
Connecticut,New Haven,HVN,HVN,KHVN,Tweed New Haven Regional Airport,P-N,"27,911"
Wyoming,Gillette,GCC,GCC,KGCC,Gillette–Campbell County Airport,P-N,"27,136"
Iowa,Waterloo,ALO,ALO,KALO,Waterloo Regional Airport,P-N,"27,069"
Kansas,Garden City,GCK,GCK,KGCK,Garden City Regional Airport,P-N,"26,825"
South Dakota,Aberdeen,ABR,ABR,KABR,Aberdeen Regional Airport,P-N,"26,529"
Texas,Beaumont,BPT,BPT,KBPT,Jack Brooks Regional Airport (was Southeast Texas Regional),P-N,"26,518"
Mississippi,Meridian,MEI,MEI,KMEI,Meridian Regional Airport (Key Field),P-N,"26,359"
West Virginia,Clarksburg,CKB,CKB,KCKB,North Central West Virginia Airport (was Harrison-Marion Regional),P-N,"26,025"
Montana,Butte,BTM,BTM,KBTM,Bert Mooney Airport,P-N,"25,890"
Minnesota,Bemidji,BJI,BJI,KBJI,Bemidji Regional Airport,P-N,"25,510"
Michigan,Pellston,PLN,PLN,KPLN,Pellston Regional Airport,P-N,"25,497"
Michigan,Hancock,CMX,CMX,KCMX,Houghton County Memorial Airport,P-N,"25,439"
Wisconsin,Rhinelander,RHI,RHI,KRHI,Rhinelander–Oneida County Airport,P-N,"24,477"
Puerto Rico,San Juan / Miramar,SIG,SIG,TJIG,Fernando Luis Ribas Dominicci Airport (Isla Grande Airport),P-N,"24,054"
Wisconsin,Eau Claire,EAU,EAU,KEAU,Chippewa Valley Regional Airport,P-N,"23,950"
Maine,Hagerstown,HGR,HGR,KHGR,Hagerstown Regional Airport (Richard A. Henson Field),P-N,"23,654"
Kentucky,Owensboro,OWB,OWB,KOWB,Owensboro–Daviess County Regional Airport,P-N,"23,537"
Alaska,Anchorage,LHD,,PALH,Lake Hood Seaplane Base (also see Lake Hood Airstrip),P-N,"23,382"
Wyoming,Rock Springs,RKS,RKS,KRKS,Southwest Wyoming Regional Airport (Rock Springs–Sweetwater County Airport),P-N,"23,020"
New York,Watertown,ART,ART,KART,Watertown International Airport,P-N,"22,785"
Pennsylvania,Williamsport,IPT,IPT,KIPT,Williamsport Regional Airport,P-N,"22,547"
Texas,Longview,GGG,GGG,KGGG,East Texas Regional Airport,P-N,"22,480"
Alaska,Petersburg,PSG,PSG,PAPG,Petersburg James A. Johnson Airport,P-N,"21,896"
Califronia,Mammoth Lakes,MMH,MMH,KMMH,Mammoth Yosemite Airport,P-N [nb 1],"21,826"
Michigan,Sault Ste. Marie,CIU,CIU,KCIU,Chippewa County International Airport,P-N,"20,974"
Kentucky,Paducah,PAH,PAH,KPAH,Barkley Regional Airport,P-N,"20,266"
Northern Marianas,Rota Island,GRO,ROP,PGRO,Rota International Airport,P-N,"19,178"
Alaska,Anchorage,MRI,MRI,PAMR,Merrill Field,P-N,"19,144"
Alaska,Cordova,CDV,CDV,PACV,Merle K. (Mudhole) Smith Airport,P-N,"18,649"
Minnesota,Brainerd,BRD,BRD,KBRD,Brainerd Lakes Regional Airport,P-N,"18,200"
Michigan,Muskegon,MKG,MKG,KMKG,Muskegon County Airport,P-N,"18,165"
Washington,Seattle,BFI,BFI,KBFI,King County International Airport (Boeing Field),P-N,"17,795"
Arizona,Page,PGA,PGA,KPGA,Page Municipal Airport,P-N,"17,435"
Rhode Island,Block Island,BID,BID,KBID,Block Island State Airport,P-N,"17,225"
Rhode Island,Westerly,WST,WST,KWST,Westerly State Airport,P-N,"17,218"
Wyoming,Laramie,LAR,LAR,KLAR,Laramie Regional Airport,P-N,"17,188"
Alaska,Unalakleet,UNK,UNK,PAUN,Unalakleet Airport,P-N,"16,948"
Michigan,Escanaba,ESC,ESC,KESC,Delta County Airport,P-N,"16,822"
North Dakota,Dickinson,DIK,DIK,KDIK,Dickinson Theodore Roosevelt Regional Airport,P-N,"16,822"
Maine,Rockland,RKD,RKD,KRKD,Knox County Regional Airport,P-N,"16,206"
Minnesota,St. Cloud,STC,STC,KSTC,St. Cloud Regional Airport,P-N,"15,615"
Utah,Ogden,OGD,OGD,KOGD,Ogden-Hinckley Airport,P-N,"15,609"
Massachusetts,Bedford,BED,BED,KBED,Hanscom Field / Hanscom Air Force Base,P-N,"15,105"
Nevada,Elko,EKO,EKO,KEKO,Elko Regional Airport (J.C. Harris Field),P-N,"14,893"
Oregon,North Bend,OTH,OTH,KOTH,Southwest Oregon Regional Airport (was North Bend Municipal),P-N,"14,719"
New Mexico,Hobbs,HOB,HOB,KHOB,Lea County Regional Airport,P-N,"14,707"
Utah,Cedar City,CDC,CDC,KCDC,Cedar City Regional Airport,P-N,"14,413"
Minnesota,International Falls,INL,INL,KINL,Falls International Airport,P-N,"13,831"
Alaska,Aniak,ANI,ANI,PANI,Aniak Airport,P-N,"13,688"
Wyoming,Sheridan,SHR,SHR,KSHR,Sheridan County Airport,P-N,"13,182"
Alaska,St. Mary's,KSM,KSM,PASM,St. Mary's Airport,P-N,"12,851"
Washington,Friday Harbor,FHR,FRD,KFHR,Friday Harbor Airport,P-N,"12,831"
Minnesota,Hibbing,HIB,HIB,KHIB,Range Regional Airport (was Chisholm–Hibbing Airport),P-N,"12,654"
Alaska,Valdez,VDZ,VDZ,PAVD,Valdez Airport (Pioneer Field),P-N,"12,631"
Michigan,Iron Mountain,IMT,IMT,KIMT,Ford Airport,P-N,"12,604"
Alaska,Wrangell,WRG,WRG,PAWG,Wrangell Airport (also see Wrangell Seaplane Base),P-N,"12,569"
Maine,Presque Isle,PQI,PQI,KPQI,Presque Isle International Airport,P-N,"12,526"
Wyoming,Riverton,RIW,RIW,KRIW,Central Wyoming Regional Airport (was Riverton Regional),P-N,"11,811"
Alaska,Gustavus,GST,GST,PAGS,Gustavus Airport,P-N,"11,438"
Alaska,Yakutat,YAK,YAK,PAYA,Yakutat Airport (also see Yakutat Seaplane Base),P-N,"10,756"
Alaska,Klawock,AKW,KLW,PAKW,Klawock Airport (also see Klawock Seaplane Base),P-N,"10,628"
Oklahoma,Stillwater,SWO,SWO,KSWO,Stillwater Regional Airport,P-N,"10,362"
New York,Ogdensburg,OGS,OGS,KOGS,Ogdensburg International Airport,P-N,"10,281"
New Hampshire,Lebanon,LEB,LEB,KLEB,Lebanon Municipal Airport,P-N,"10,245"
Massachusetts,Provincetown,PVC,PVC,KPVC,Provincetown Municipal Airport,P-N,"10,074"
Illinois,Marion,MWA,MWA,KMWA,Veterans Airport of Southern Illinois (Williamson County Regional Airport),P-N,"10,044"
Michigan,Alpena,APN,APN,KAPN,Alpena County Regional Airport,P-N,"10,031"
Montana,West Yellowstone,WYS,WYS,KWYS,Yellowstone Airport,P-N,"8,525"
Kansas,Hays,HYS,HYS,KHYS,Hays Regional Airport,P-N,"8,265"
South Dakota,Pierre,PIR,PIR,KPIR,Pierre Regional Airport,P-N,"8,246"
Montana,Sidney,SDY,SDY,KSDY,Sidney–Richland Municipal Airport,P-N,"8,065"
North Dakota,Jamestown,JMS,JMS,KJMS,Jamestown Regional Airport,P-N,"7,941"
Illinois,Quincy,UIN,UIN,KUIN,Quincy Regional Airport (Baldwin Field),P-N,"7,847"
Utah,Moab,CNY,CNY,KCNY,Canyonlands Field,P-N,"7,837"
Washington,Eastsound,ORS,ESD,KORS,Orcas Island Airport,P-N,"7,826"
Mississippi,Tupelo,TUP,TUP,KTUP,Tupelo Regional Airport (C.D. Lemons Field),P-N,"7,539"
Virginia,Staunton / Waynesboro / Harrisonburg,SHD,SHD,KSHD,Shenandoah Valley Regional Airport,P-N,"5,442"
West Virginia,Lewisburg,LWB,LWB,KLWB,Greenbrier Valley Airport,P-N,"4,965"
Florida,Vero Beach,VRB,VRB,KVRB,Vero Beach Regional Airport,P-N,"4,581"
Nebraska,Scottsbluff,BFF,BFF,KBFF,Western Nebraska Regional Airport (William B. Heilig Field),P-N,"4,262"
Nebraska,North Platte,LBF,LBF,KLBF,North Platte Regional Airport (Lee Bird Field),P-N,"4,075"
Utah,Vernal,VEL,VEL,KVEL,Vernal Regional Airport (was Vernal-Uintah Co. Airport),P-N,"4,007"
Kansas,Salina,SLN,SLN,KSLN,Salina Regional Airport,P-N,"3,967"
Colorado,Pueblo,PUB,PUB,KPUB,Pueblo Memorial Airport,P-N,"3,965"
Arizona,Prescott,PRC,PRC,KPRC,Prescott Municipal Airport (Ernest A. Love Field),P-N,"3,451"
South Dakota,Watertown,ATY,ATY,KATY,Watertown Regional Airport,P-N,"2,117"
Georgia,Macon,MCN,MCN,KMCN,Middle Georgia Regional Airport,P-N,860
Califronia,Concord,CCR,CCR,KCCR,Buchanan Field Airport,P-N,67
Maine,MARYLAND,,,,,,
